mse_goog,rval_goog,mse_meta,rval_meta,mse_msft,rval_msft,mse_nvda,rval_nvda
5.792828030264034,0.9931343573274913,719.2829604537036,0.9865869485182477,448.7786740357119,0.9724281659990301,5932.663689658321,0.8528844028291882
6.086559773543993,0.9935626832655222,961.6676919072797,0.98362716578767,277.25810920437567,0.9859605821676137,12527.901920268296,0.8620590347954283
6.6349674685898306,0.9938504920904864,780.3718054556758,0.9862255371343744,319.82679704544734,0.983198696774167,7136.896569227302,0.8618110455032362
7.6984955949462535,0.9918124254294045,871.2548823272635,0.9869944536867159,631.6792019491493,0.9815882833217371,6850.25604445553,0.8516265284795601
