mse_goog,rval_goog,mse_meta,rval_meta,mse_msft,rval_msft,mse_nvda,rval_nvda
146.51371244516915,0.9728845911803488,9180.804810992484,0.9327411186342558,224.21563351020438,0.9376797963135278,60.86758782618585,0.9001676746738126
116.52524697190887,0.9821138551808818,10280.979034521075,0.9435852299040669,199.47966366658,0.9451029124547005,20.520534095256195,0.9186518598509253
74.24920389078416,0.9814364789837379,12977.59676215006,0.9143851071468674,377.18009754435997,0.9386170222618924,23.31381347924845,0.9228684303193486
109.14137121414643,0.9768026208099225,14203.491338714764,0.9093628260500584,269.31324825445944,0.9271520573657792,31.532822523035446,0.8871123105617429
